-- --------------------------------------------------------
-- Host:                         127.0.0.1
-- Server version:               10.4.17-MariaDB - mariadb.org binary distribution
-- Server OS:                    Win64
-- HeidiSQL Version:             11.2.0.6213
-- --------------------------------------------------------

/*!40101 SET @OLD_CHARACTER_SET_CLIENT=@@CHARACTER_SET_CLIENT */;
/*!40101 SET NAMES utf8 */;
/*!50503 SET NAMES utf8mb4 */;
/*!40014 SET @OLD_FOREIGN_KEY_CHECKS=@@FOREIGN_KEY_CHECKS, FOREIGN_KEY_CHECKS=0 */;
/*!40101 SET @OLD_SQL_MODE=@@SQL_MODE, SQL_MODE='NO_AUTO_VALUE_ON_ZERO' */;
/*!40111 SET @OLD_SQL_NOTES=@@SQL_NOTES, SQL_NOTES=0 */;


-- Dumping database structure for holidayschedulingapp
CREATE DATABASE IF NOT EXISTS `holidayschedulingapp` /*!40100 DEFAULT CHARACTER SET latin1 */;
USE `holidayschedulingapp`;

-- Dumping structure for table holidayschedulingapp.holidays
CREATE TABLE IF NOT EXISTS `holidays` (
  `id` int(11) NOT NULL AUTO_INCREMENT,
  `user_id` int(11) NOT NULL,
  `date_requested` date DEFAULT NULL,
  `holiday_start` date DEFAULT NULL,
  `holiday_end` date DEFAULT NULL,
  `approval_date` date DEFAULT NULL,
  `status` enum('Accepted','Rejected','Not Reviewed') DEFAULT 'Not Reviewed',
  PRIMARY KEY (`id`),
  KEY `FK_holidays_users` (`user_id`),
  CONSTRAINT `FK_holidays_users` FOREIGN KEY (`user_id`) REFERENCES `users` (`id`) ON DELETE CASCADE ON UPDATE CASCADE
) ENGINE=InnoDB AUTO_INCREMENT=131 DEFAULT CHARSET=latin1;

-- Dumping data for table holidayschedulingapp.holidays: ~125 rows (approximately)
/*!40000 ALTER TABLE `holidays` DISABLE KEYS */;
INSERT INTO `holidays` (`id`, `user_id`, `date_requested`, `holiday_start`, `holiday_end`, `approval_date`, `status`) VALUES
	(1, 6, '2021-02-16', '2021-04-30', '2021-05-18', '2021-02-22', 'Accepted'),
	(2, 6, '2021-02-19', '2021-04-30', '2021-05-24', '2021-02-22', 'Rejected'),
	(3, 9, '2021-02-19', '2021-04-30', '2021-05-16', '2021-02-22', 'Accepted'),
	(4, 6, '2021-02-19', '2021-04-30', '2021-05-02', '2021-02-23', 'Rejected'),
	(5, 59, '2020-03-05', '2021-07-15', '2021-08-24', NULL, 'Not Reviewed'),
	(6, 160, '2020-10-20', '2021-08-04', '2021-08-18', NULL, 'Not Reviewed'),
	(7, 101, '2020-10-23', '2021-06-19', '2021-09-12', NULL, 'Not Reviewed'),
	(8, 62, '2020-07-21', '2021-07-23', '2021-11-02', NULL, 'Not Reviewed'),
	(9, 200, '2020-10-14', '2021-05-12', '2021-05-20', NULL, 'Not Reviewed'),
	(10, 104, '2021-01-26', '2021-05-18', '2021-06-06', NULL, 'Not Reviewed'),
	(11, 11, '2020-11-17', '2021-09-13', '2021-10-08', NULL, 'Not Reviewed'),
	(12, 164, '2020-08-12', '2021-05-05', '2021-09-24', '2021-03-11', 'Accepted'),
	(13, 30, '2020-11-12', '2021-10-16', '2021-12-25', NULL, 'Not Reviewed'),
	(14, 47, '2020-10-03', '2021-07-09', '2021-09-01', NULL, 'Not Reviewed'),
	(15, 158, '2020-12-22', '2021-06-02', '2021-11-21', NULL, 'Not Reviewed'),
	(16, 118, '2021-02-04', '2021-09-08', '2021-12-02', NULL, 'Not Reviewed'),
	(17, 87, '2020-11-09', '2021-06-06', '2021-07-02', NULL, 'Not Reviewed'),
	(18, 132, '2020-11-19', '2021-11-26', '2021-12-06', NULL, 'Not Reviewed'),
	(19, 48, '2021-01-24', '2021-05-04', '2021-05-31', NULL, 'Not Reviewed'),
	(20, 37, '2020-10-23', '2021-10-19', '2021-10-26', NULL, 'Not Reviewed'),
	(21, 189, '2020-12-23', '2021-04-30', '2021-06-21', '2021-04-03', 'Accepted'),
	(22, 10, '2020-08-23', '2021-08-31', '2021-11-08', NULL, 'Not Reviewed'),
	(23, 57, '2020-06-28', '2021-06-07', '2021-08-16', NULL, 'Not Reviewed'),
	(24, 64, '2021-01-08', '2021-08-03', '2021-09-28', NULL, 'Not Reviewed'),
	(25, 79, '2020-07-06', '2021-04-30', '2021-05-07', '2021-04-03', 'Accepted'),
	(26, 121, '2020-07-09', '2021-09-15', '2021-09-16', NULL, 'Not Reviewed'),
	(27, 83, '2020-09-05', '2021-10-20', '2021-11-17', NULL, 'Not Reviewed'),
	(28, 198, '2020-03-11', '2021-09-23', '2021-10-14', NULL, 'Not Reviewed'),
	(29, 141, '2020-08-16', '2021-06-12', '2021-07-11', NULL, 'Not Reviewed'),
	(30, 93, '2020-11-26', '2021-06-07', '2021-06-16', NULL, 'Not Reviewed'),
	(31, 154, '2020-08-24', '2021-05-10', '2021-05-28', NULL, 'Not Reviewed'),
	(32, 194, '2020-10-22', '2021-04-30', '2021-08-21', NULL, 'Not Reviewed'),
	(33, 121, '2021-01-23', '2021-10-13', '2021-11-13', NULL, 'Not Reviewed'),
	(34, 97, '2020-09-22', '2021-05-27', '2021-05-31', NULL, 'Not Reviewed'),
	(35, 98, '2020-12-14', '2021-08-14', '2021-10-24', NULL, 'Not Reviewed'),
	(36, 199, '2020-10-03', '2021-07-05', '2021-08-05', NULL, 'Not Reviewed'),
	(37, 28, '2021-01-13', '2021-09-19', '2021-11-30', NULL, 'Not Reviewed'),
	(38, 30, '2020-09-14', '2021-05-18', '2021-06-05', NULL, 'Not Reviewed'),
	(39, 63, '2020-11-15', '2021-06-11', '2021-11-24', NULL, 'Not Reviewed'),
	(40, 192, '2020-05-24', '2021-05-29', '2021-07-26', NULL, 'Not Reviewed'),
	(41, 75, '2020-10-12', '2021-05-18', '2021-07-09', NULL, 'Not Reviewed'),
	(42, 148, '2020-02-24', '2021-05-15', '2021-05-31', NULL, 'Not Reviewed'),
	(43, 44, '2020-12-16', '2021-06-11', '2021-07-09', NULL, 'Not Reviewed'),
	(44, 118, '2020-08-20', '2021-10-16', '2021-11-01', NULL, 'Not Reviewed'),
	(45, 177, '2020-07-24', '2021-04-30', '2021-05-15', '2021-04-03', 'Accepted'),
	(46, 144, '2020-06-04', '2021-08-02', '2021-11-08', NULL, 'Not Reviewed'),
	(47, 104, '2020-11-29', '2021-07-12', '2021-10-31', NULL, 'Not Reviewed'),
	(48, 41, '2020-11-30', '2021-06-03', '2021-08-26', NULL, 'Not Reviewed'),
	(49, 118, '2020-05-16', '2021-06-30', '2021-07-07', NULL, 'Not Reviewed'),
	(50, 123, '2021-01-03', '2021-06-07', '2021-07-02', NULL, 'Not Reviewed'),
	(51, 168, '2020-03-23', '2021-04-30', '2021-05-04', '2021-04-03', 'Accepted'),
	(52, 92, '2021-01-25', '2021-08-29', '2021-11-10', NULL, 'Not Reviewed'),
	(53, 100, '2020-09-13', '2021-08-19', '2021-11-21', NULL, 'Not Reviewed'),
	(54, 195, '2020-12-05', '2021-08-20', '2021-08-21', NULL, 'Not Reviewed'),
	(55, 143, '2020-07-22', '2021-05-17', '2021-06-04', NULL, 'Not Reviewed'),
	(56, 138, '2020-03-26', '2021-08-26', '2021-09-03', NULL, 'Not Reviewed'),
	(57, 36, '2020-03-10', '2021-09-29', '2021-10-06', NULL, 'Not Reviewed'),
	(58, 190, '2020-04-08', '2021-11-17', '2021-11-23', NULL, 'Not Reviewed'),
	(59, 120, '2020-09-14', '2021-08-17', '2021-08-28', NULL, 'Not Reviewed'),
	(60, 125, '2020-03-20', '2021-09-10', '2021-09-30', NULL, 'Not Reviewed'),
	(61, 47, '2020-10-07', '2021-10-21', '2021-12-09', NULL, 'Not Reviewed'),
	(62, 198, '2021-01-05', '2021-07-21', '2021-11-13', NULL, 'Not Reviewed'),
	(63, 168, '2020-08-13', '2021-12-26', '2021-12-30', NULL, 'Not Reviewed'),
	(64, 40, '2020-04-30', '2021-07-28', '2021-10-16', NULL, 'Not Reviewed'),
	(65, 73, '2020-07-28', '2021-06-26', '2021-07-01', NULL, 'Not Reviewed'),
	(66, 86, '2020-05-02', '2021-07-16', '2021-08-07', NULL, 'Not Reviewed'),
	(67, 64, '2020-12-06', '2021-06-20', '2021-07-12', NULL, 'Not Reviewed'),
	(68, 146, '2020-09-18', '2021-08-11', '2021-08-21', NULL, 'Not Reviewed'),
	(69, 128, '2021-02-03', '2021-10-17', '2021-10-18', NULL, 'Not Reviewed'),
	(70, 71, '2020-09-24', '2021-05-23', '2021-06-04', NULL, 'Not Reviewed'),
	(71, 60, '2020-04-21', '2021-08-11', '2021-08-28', NULL, 'Not Reviewed'),
	(72, 27, '2021-01-08', '2021-10-18', '2021-11-29', NULL, 'Not Reviewed'),
	(73, 56, '2020-04-23', '2021-05-10', '2021-10-10', NULL, 'Not Reviewed'),
	(74, 122, '2020-07-08', '2021-04-30', '2021-05-30', '2021-04-03', 'Accepted'),
	(75, 195, '2020-03-29', '2021-10-21', '2021-11-26', NULL, 'Not Reviewed'),
	(76, 165, '2020-03-09', '2021-07-16', '2021-07-25', NULL, 'Not Reviewed'),
	(77, 163, '2020-12-18', '2021-07-06', '2021-12-23', NULL, 'Not Reviewed'),
	(78, 169, '2020-07-21', '2021-06-07', '2021-08-17', NULL, 'Not Reviewed'),
	(79, 176, '2020-12-28', '2021-08-05', '2021-10-30', NULL, 'Not Reviewed'),
	(80, 84, '2020-11-10', '2021-07-28', '2021-09-06', NULL, 'Not Reviewed'),
	(81, 112, '2020-04-18', '2021-08-07', '2021-11-07', NULL, 'Not Reviewed'),
	(82, 69, '2020-08-26', '2021-11-19', '2021-12-04', NULL, 'Not Reviewed'),
	(83, 72, '2020-07-26', '2021-05-16', '2021-06-21', NULL, 'Not Reviewed'),
	(84, 63, '2021-01-19', '2021-09-04', '2021-11-27', NULL, 'Not Reviewed'),
	(85, 15, '2020-09-28', '2021-07-18', '2021-07-23', NULL, 'Not Reviewed'),
	(86, 76, '2020-12-16', '2021-07-22', '2021-07-30', NULL, 'Not Reviewed'),
	(87, 97, '2020-10-02', '2021-11-07', '2021-11-07', NULL, 'Not Reviewed'),
	(88, 120, '2020-03-23', '2021-08-23', '2021-10-09', NULL, 'Not Reviewed'),
	(89, 196, '2020-05-23', '2021-06-06', '2021-06-19', NULL, 'Not Reviewed'),
	(90, 97, '2020-10-12', '2021-07-05', '2021-07-09', NULL, 'Not Reviewed'),
	(91, 123, '2020-04-27', '2021-07-03', '2021-08-29', NULL, 'Not Reviewed'),
	(92, 86, '2021-02-06', '2021-04-30', '2021-10-11', NULL, 'Not Reviewed'),
	(93, 160, '2020-12-06', '2021-09-23', '2021-10-13', NULL, 'Not Reviewed'),
	(94, 182, '2020-03-03', '2021-07-23', '2021-07-24', '2021-02-28', 'Rejected'),
	(95, 131, '2020-12-19', '2021-06-16', '2021-06-23', '2021-02-28', 'Rejected'),
	(96, 143, '2021-02-06', '2021-07-19', '2021-11-29', NULL, 'Not Reviewed'),
	(97, 118, '2021-02-13', '2021-05-26', '2021-06-27', NULL, 'Not Reviewed'),
	(98, 34, '2020-06-08', '2021-05-25', '2021-06-03', NULL, 'Not Reviewed'),
	(99, 95, '2020-06-20', '2021-04-30', '2021-05-01', '2021-04-03', 'Accepted'),
	(100, 23, '2021-01-19', '2021-08-29', '2021-09-28', NULL, 'Not Reviewed'),
	(101, 172, '2020-03-20', '2021-05-22', '2021-05-29', '2021-02-27', 'Accepted'),
	(102, 129, '2020-11-16', '2021-07-24', '2021-08-09', '2021-02-27', 'Accepted'),
	(103, 19, '2020-11-24', '2021-08-13', '2021-12-29', '2021-02-27', 'Accepted'),
	(104, 25, '2020-06-12', '2021-06-08', '2021-06-10', '2021-02-27', 'Accepted'),
	(105, 6, '2021-02-16', '2021-12-24', '2021-12-25', '2021-02-22', 'Accepted'),
	(106, 156, '2021-02-19', '2021-04-30', '2021-05-07', '2021-04-03', 'Accepted'),
	(107, 147, '2021-02-19', '2021-04-30', '2021-05-07', '2021-03-02', 'Accepted'),
	(108, 27, '2021-02-19', '2021-04-30', '2021-05-07', '2021-04-03', 'Accepted'),
	(109, 26, '2021-02-19', '2021-04-30', '2021-05-07', '2021-04-03', 'Accepted'),
	(110, 161, '2021-02-19', '2021-04-30', '2021-05-07', '2021-04-03', 'Accepted'),
	(111, 163, '2021-02-19', '2021-04-30', '2021-05-07', '2021-02-27', 'Accepted'),
	(112, 167, '2021-02-19', '2021-04-30', '2021-05-07', '2021-04-03', 'Accepted'),
	(113, 91, '2021-02-19', '2021-04-30', '2021-05-07', '2021-02-22', 'Accepted'),
	(114, 160, '2021-02-19', '2021-04-30', '2021-05-07', '2021-02-22', 'Accepted'),
	(115, 129, '2021-02-19', '2021-04-30', '2021-05-07', '2021-04-03', 'Accepted'),
	(116, 127, '2021-02-19', '2021-04-30', '2021-05-07', '2021-02-22', 'Accepted'),
	(117, 77, '2021-02-19', '2021-04-30', '2021-05-07', '2021-02-22', 'Accepted'),
	(118, 36, '2021-02-19', '2021-04-30', '2021-05-07', '2021-04-03', 'Rejected'),
	(119, 67, '2021-02-19', '2021-04-30', '2021-05-07', '2021-04-03', 'Rejected'),
	(120, 7, '2021-02-19', '2021-04-30', '2021-05-07', '2021-03-01', 'Accepted'),
	(121, 19, '2021-02-19', '2021-04-30', '2021-05-07', '2021-04-03', 'Rejected'),
	(122, 21, '2021-02-19', '2021-04-30', '2021-05-07', '2021-03-01', 'Accepted'),
	(123, 39, '2021-02-19', '2021-04-30', '2021-05-07', '2021-02-22', 'Accepted'),
	(124, 203, '2021-02-19', '2021-04-30', '2021-05-07', '2021-02-27', 'Accepted'),
	(125, 7, '2021-02-28', '2021-04-30', '2021-05-07', '2021-02-28', 'Rejected'),
	(126, 6, '2021-03-11', '2021-04-30', '2021-05-07', '2021-04-03', 'Rejected'),
	(127, 6, '2021-03-11', '2021-04-30', '2021-05-07', '2021-04-03', 'Rejected'),
	(128, 7, '2021-03-11', '2021-04-30', '2021-05-07', '2021-04-03', 'Accepted'),
	(130, 6, '2021-03-29', '2021-04-30', '2021-05-07', '2021-04-03', 'Accepted');
/*!40000 ALTER TABLE `holidays` ENABLE KEYS */;

-- Dumping structure for table holidayschedulingapp.ranks
CREATE TABLE IF NOT EXISTS `ranks` (
  `id` int(11) NOT NULL AUTO_INCREMENT,
  `rank` varchar(50) DEFAULT NULL,
  `amount_needed` int(3) DEFAULT NULL,
  PRIMARY KEY (`id`)
) ENGINE=InnoDB AUTO_INCREMENT=6 DEFAULT CHARSET=latin1;

-- Dumping data for table holidayschedulingapp.ranks: ~4 rows (approximately)
/*!40000 ALTER TABLE `ranks` DISABLE KEYS */;
INSERT INTO `ranks` (`id`, `rank`, `amount_needed`) VALUES
	(1, 'Admin', 0),
	(2, 'Worker', 70),
	(3, 'Manager', 5),
	(4, 'Trainer', 16);
/*!40000 ALTER TABLE `ranks` ENABLE KEYS */;

-- Dumping structure for table holidayschedulingapp.users
CREATE TABLE IF NOT EXISTS `users` (
  `id` int(11) NOT NULL AUTO_INCREMENT,
  `username` varchar(50) DEFAULT NULL,
  `password` varchar(255) DEFAULT NULL,
  `rank` int(11) NOT NULL DEFAULT 0,
  `admin` tinyint(4) NOT NULL DEFAULT 0,
  `allowance` int(2) NOT NULL DEFAULT 28,
  PRIMARY KEY (`id`),
  KEY `FK_users_ranks` (`rank`),
  CONSTRAINT `FK_users_ranks` FOREIGN KEY (`rank`) REFERENCES `ranks` (`id`) ON DELETE CASCADE ON UPDATE CASCADE
) ENGINE=InnoDB AUTO_INCREMENT=208 DEFAULT CHARSET=latin1;

-- Dumping data for table holidayschedulingapp.users: ~202 rows (approximately)
/*!40000 ALTER TABLE `users` DISABLE KEYS */;
INSERT INTO `users` (`id`, `username`, `password`, `rank`, `admin`, `allowance`) VALUES
	(6, 'Admin', '$2a$09$.kQNl0R.VOBhH30pfhZCVeBAwxPbUr87TZNSo6.G/EPxtDpeGLlDe', 1, 1, 19),
	(7, 'Jeff', '$2a$09$kPwvjzcS/i8YuDLqKOpVa.KE00LNvf3/V7ovdtB4uJqXeXyV8y.1e', 3, 0, 24),
	(8, 'Russell Pearson', '$2a$09$kPwvjzcS/i8YuDLqKOpVa.KE00LNvf3/V7ovdtB4uJqXeXyV8y.1e', 4, 0, 9),
	(9, 'Keaton Peck', '$2a$09$kPwvjzcS/i8YuDLqKOpVa.KE00LNvf3/V7ovdtB4uJqXeXyV8y.1e', 3, 0, 3),
	(10, 'Kitra Burks', '$2a$09$kPwvjzcS/i8YuDLqKOpVa.KE00LNvf3/V7ovdtB4uJqXeXyV8y.1e', 4, 0, 20),
	(11, 'August Hendricks', '$2a$09$kPwvjzcS/i8YuDLqKOpVa.KE00LNvf3/V7ovdtB4uJqXeXyV8y.1e', 4, 0, 23),
	(12, 'Keefe Bruce', '$2a$09$kPwvjzcS/i8YuDLqKOpVa.KE00LNvf3/V7ovdtB4uJqXeXyV8y.1e', 4, 0, 14),
	(13, 'Caryn Fields', '$2a$09$kPwvjzcS/i8YuDLqKOpVa.KE00LNvf3/V7ovdtB4uJqXeXyV8y.1e', 4, 0, 21),
	(14, 'Jesse Moss', '$2a$09$kPwvjzcS/i8YuDLqKOpVa.KE00LNvf3/V7ovdtB4uJqXeXyV8y.1e', 4, 0, 6),
	(15, 'Arden Fields', '$2a$09$kPwvjzcS/i8YuDLqKOpVa.KE00LNvf3/V7ovdtB4uJqXeXyV8y.1e', 4, 0, 21),
	(16, 'Adam Frazier', '$2a$09$kPwvjzcS/i8YuDLqKOpVa.KE00LNvf3/V7ovdtB4uJqXeXyV8y.1e', 4, 0, 15),
	(17, 'Victor Chapman', '$2a$09$kPwvjzcS/i8YuDLqKOpVa.KE00LNvf3/V7ovdtB4uJqXeXyV8y.1e', 4, 0, 11),
	(18, 'August Duncan', '$2a$09$kPwvjzcS/i8YuDLqKOpVa.KE00LNvf3/V7ovdtB4uJqXeXyV8y.1e', 4, 0, 23),
	(19, 'Austin Clark', '$2a$09$kPwvjzcS/i8YuDLqKOpVa.KE00LNvf3/V7ovdtB4uJqXeXyV8y.1e', 3, 0, 1),
	(20, 'Dean Hart', '$2a$09$kPwvjzcS/i8YuDLqKOpVa.KE00LNvf3/V7ovdtB4uJqXeXyV8y.1e', 4, 0, 7),
	(21, 'Brenden Roy', '$2a$09$kPwvjzcS/i8YuDLqKOpVa.KE00LNvf3/V7ovdtB4uJqXeXyV8y.1e', 3, 0, 9),
	(22, 'Brock King', '$2a$09$kPwvjzcS/i8YuDLqKOpVa.KE00LNvf3/V7ovdtB4uJqXeXyV8y.1e', 4, 0, 5),
	(23, 'Keefe Combs', '$2a$09$kPwvjzcS/i8YuDLqKOpVa.KE00LNvf3/V7ovdtB4uJqXeXyV8y.1e', 4, 0, 21),
	(24, 'Dante Dejesus', '$2a$09$kPwvjzcS/i8YuDLqKOpVa.KE00LNvf3/V7ovdtB4uJqXeXyV8y.1e', 4, 0, 19),
	(25, 'Curran Cooke', '$2a$09$kPwvjzcS/i8YuDLqKOpVa.KE00LNvf3/V7ovdtB4uJqXeXyV8y.1e', 4, 0, 14),
	(26, 'Stella Munoz', '$2a$09$kPwvjzcS/i8YuDLqKOpVa.KE00LNvf3/V7ovdtB4uJqXeXyV8y.1e', 3, 0, 17),
	(27, 'Donovan Spence', '$2a$09$kPwvjzcS/i8YuDLqKOpVa.KE00LNvf3/V7ovdtB4uJqXeXyV8y.1e', 3, 0, 21),
	(28, 'Gage Randall', '$2a$09$kPwvjzcS/i8YuDLqKOpVa.KE00LNvf3/V7ovdtB4uJqXeXyV8y.1e', 4, 0, 21),
	(29, 'Beatrice Jensen', '$2a$09$kPwvjzcS/i8YuDLqKOpVa.KE00LNvf3/V7ovdtB4uJqXeXyV8y.1e', 4, 0, 7),
	(30, 'Ramona Bryan', '$2a$09$kPwvjzcS/i8YuDLqKOpVa.KE00LNvf3/V7ovdtB4uJqXeXyV8y.1e', 4, 0, 24),
	(31, 'Amaya Horn', '$2a$09$kPwvjzcS/i8YuDLqKOpVa.KE00LNvf3/V7ovdtB4uJqXeXyV8y.1e', 4, 0, 3),
	(32, 'Stephanie Patterson', '$2a$09$kPwvjzcS/i8YuDLqKOpVa.KE00LNvf3/V7ovdtB4uJqXeXyV8y.1e', 4, 0, 12),
	(33, 'Delilah Foley', '$2a$09$kPwvjzcS/i8YuDLqKOpVa.KE00LNvf3/V7ovdtB4uJqXeXyV8y.1e', 4, 0, 15),
	(34, 'Cassady Kirkland', '$2a$09$kPwvjzcS/i8YuDLqKOpVa.KE00LNvf3/V7ovdtB4uJqXeXyV8y.1e', 4, 0, 14),
	(35, 'Noble Valentine', '$2a$09$kPwvjzcS/i8YuDLqKOpVa.KE00LNvf3/V7ovdtB4uJqXeXyV8y.1e', 4, 0, 10),
	(36, 'Lana Lyons', '$2a$09$kPwvjzcS/i8YuDLqKOpVa.KE00LNvf3/V7ovdtB4uJqXeXyV8y.1e', 3, 0, 3),
	(37, 'Tatiana Trujillo', '$2a$09$kPwvjzcS/i8YuDLqKOpVa.KE00LNvf3/V7ovdtB4uJqXeXyV8y.1e', 4, 0, 8),
	(38, 'Lars Walsh', '$2a$09$kPwvjzcS/i8YuDLqKOpVa.KE00LNvf3/V7ovdtB4uJqXeXyV8y.1e', 4, 0, 28),
	(39, 'Chandler Burris', '$2a$09$kPwvjzcS/i8YuDLqKOpVa.KE00LNvf3/V7ovdtB4uJqXeXyV8y.1e', 3, 0, 23),
	(40, 'Avram Hartman', '$2a$09$kPwvjzcS/i8YuDLqKOpVa.KE00LNvf3/V7ovdtB4uJqXeXyV8y.1e', 4, 0, 27),
	(41, 'Ulric Wyatt', '$2a$09$kPwvjzcS/i8YuDLqKOpVa.KE00LNvf3/V7ovdtB4uJqXeXyV8y.1e', 4, 0, 10),
	(42, 'Hanna Wynn', '$2a$09$kPwvjzcS/i8YuDLqKOpVa.KE00LNvf3/V7ovdtB4uJqXeXyV8y.1e', 4, 0, 4),
	(43, 'Galvin Sanchez', '$2a$09$kPwvjzcS/i8YuDLqKOpVa.KE00LNvf3/V7ovdtB4uJqXeXyV8y.1e', 4, 0, 9),
	(44, 'Basil Newton', '$2a$09$kPwvjzcS/i8YuDLqKOpVa.KE00LNvf3/V7ovdtB4uJqXeXyV8y.1e', 4, 0, 16),
	(45, 'Rachel Jennings', '$2a$09$kPwvjzcS/i8YuDLqKOpVa.KE00LNvf3/V7ovdtB4uJqXeXyV8y.1e', 2, 0, 5),
	(46, 'Hope Mercer', '$2a$09$kPwvjzcS/i8YuDLqKOpVa.KE00LNvf3/V7ovdtB4uJqXeXyV8y.1e', 2, 0, 6),
	(47, 'Priscilla Lawson', '$2a$09$kPwvjzcS/i8YuDLqKOpVa.KE00LNvf3/V7ovdtB4uJqXeXyV8y.1e', 2, 0, 12),
	(48, 'Alec Sweet', '$2a$09$kPwvjzcS/i8YuDLqKOpVa.KE00LNvf3/V7ovdtB4uJqXeXyV8y.1e', 2, 0, 20),
	(49, 'Emery Michael', '$2a$09$kPwvjzcS/i8YuDLqKOpVa.KE00LNvf3/V7ovdtB4uJqXeXyV8y.1e', 2, 0, 14),
	(50, 'Josiah Morse', '$2a$09$kPwvjzcS/i8YuDLqKOpVa.KE00LNvf3/V7ovdtB4uJqXeXyV8y.1e', 2, 0, 27),
	(51, 'Evan Workman', '$2a$09$kPwvjzcS/i8YuDLqKOpVa.KE00LNvf3/V7ovdtB4uJqXeXyV8y.1e', 2, 0, 11),
	(52, 'Liberty Mullins', '$2a$09$kPwvjzcS/i8YuDLqKOpVa.KE00LNvf3/V7ovdtB4uJqXeXyV8y.1e', 2, 0, 13),
	(53, 'Boris Walker', '$2a$09$kPwvjzcS/i8YuDLqKOpVa.KE00LNvf3/V7ovdtB4uJqXeXyV8y.1e', 2, 0, 26),
	(54, 'Imelda Aguirre', '$2a$09$kPwvjzcS/i8YuDLqKOpVa.KE00LNvf3/V7ovdtB4uJqXeXyV8y.1e', 2, 0, 1),
	(55, 'Libby Fitzgerald', '$2a$09$kPwvjzcS/i8YuDLqKOpVa.KE00LNvf3/V7ovdtB4uJqXeXyV8y.1e', 2, 0, 15),
	(56, 'Martena Roth', '$2a$09$kPwvjzcS/i8YuDLqKOpVa.KE00LNvf3/V7ovdtB4uJqXeXyV8y.1e', 2, 0, 21),
	(57, 'Edward Haney', '$2a$09$kPwvjzcS/i8YuDLqKOpVa.KE00LNvf3/V7ovdtB4uJqXeXyV8y.1e', 2, 0, 8),
	(58, 'Sophia Thompson', '$2a$09$kPwvjzcS/i8YuDLqKOpVa.KE00LNvf3/V7ovdtB4uJqXeXyV8y.1e', 2, 0, 2),
	(59, 'Vera Stone', '$2a$09$kPwvjzcS/i8YuDLqKOpVa.KE00LNvf3/V7ovdtB4uJqXeXyV8y.1e', 2, 0, 25),
	(60, 'Xyla Fry', '$2a$09$kPwvjzcS/i8YuDLqKOpVa.KE00LNvf3/V7ovdtB4uJqXeXyV8y.1e', 2, 0, 18),
	(61, 'Catherine Morrow', '$2a$09$kPwvjzcS/i8YuDLqKOpVa.KE00LNvf3/V7ovdtB4uJqXeXyV8y.1e', 2, 0, 19),
	(62, 'Lois Sosa', '$2a$09$kPwvjzcS/i8YuDLqKOpVa.KE00LNvf3/V7ovdtB4uJqXeXyV8y.1e', 2, 0, 10),
	(63, 'Judith Miles', '$2a$09$kPwvjzcS/i8YuDLqKOpVa.KE00LNvf3/V7ovdtB4uJqXeXyV8y.1e', 2, 0, 22),
	(64, 'Ashely Hamilton', '$2a$09$kPwvjzcS/i8YuDLqKOpVa.KE00LNvf3/V7ovdtB4uJqXeXyV8y.1e', 2, 0, 4),
	(65, 'Idona Morton', '$2a$09$kPwvjzcS/i8YuDLqKOpVa.KE00LNvf3/V7ovdtB4uJqXeXyV8y.1e', 2, 0, 4),
	(66, 'Jaquelyn Fuller', '$2a$09$kPwvjzcS/i8YuDLqKOpVa.KE00LNvf3/V7ovdtB4uJqXeXyV8y.1e', 2, 0, 12),
	(67, 'Selma Briggs', '$2a$09$kPwvjzcS/i8YuDLqKOpVa.KE00LNvf3/V7ovdtB4uJqXeXyV8y.1e', 3, 0, 26),
	(68, 'Cherokee Howell', '$2a$09$kPwvjzcS/i8YuDLqKOpVa.KE00LNvf3/V7ovdtB4uJqXeXyV8y.1e', 2, 0, 17),
	(69, 'Anne Suarez', '$2a$09$kPwvjzcS/i8YuDLqKOpVa.KE00LNvf3/V7ovdtB4uJqXeXyV8y.1e', 2, 0, 23),
	(70, 'Ocean Lester', '$2a$09$kPwvjzcS/i8YuDLqKOpVa.KE00LNvf3/V7ovdtB4uJqXeXyV8y.1e', 2, 0, 19),
	(71, 'Jade King', '$2a$09$kPwvjzcS/i8YuDLqKOpVa.KE00LNvf3/V7ovdtB4uJqXeXyV8y.1e', 2, 0, 1),
	(72, 'Belle Cardenas', '$2a$09$kPwvjzcS/i8YuDLqKOpVa.KE00LNvf3/V7ovdtB4uJqXeXyV8y.1e', 2, 0, 10),
	(73, 'Jack Rush', '$2a$09$kPwvjzcS/i8YuDLqKOpVa.KE00LNvf3/V7ovdtB4uJqXeXyV8y.1e', 2, 0, 16),
	(74, 'Tad Hunt', '$2a$09$kPwvjzcS/i8YuDLqKOpVa.KE00LNvf3/V7ovdtB4uJqXeXyV8y.1e', 2, 0, 11),
	(75, 'Damon Delgado', '$2a$09$kPwvjzcS/i8YuDLqKOpVa.KE00LNvf3/V7ovdtB4uJqXeXyV8y.1e', 2, 0, 15),
	(76, 'Craig Peters', '$2a$09$kPwvjzcS/i8YuDLqKOpVa.KE00LNvf3/V7ovdtB4uJqXeXyV8y.1e', 2, 0, 13),
	(77, 'Uriah Waters', '$2a$09$kPwvjzcS/i8YuDLqKOpVa.KE00LNvf3/V7ovdtB4uJqXeXyV8y.1e', 3, 0, 14),
	(78, 'Catherine Gonzales', '$2a$09$kPwvjzcS/i8YuDLqKOpVa.KE00LNvf3/V7ovdtB4uJqXeXyV8y.1e', 2, 0, 26),
	(79, 'Jacob Prince', '$2a$09$kPwvjzcS/i8YuDLqKOpVa.KE00LNvf3/V7ovdtB4uJqXeXyV8y.1e', 2, 0, 28),
	(80, 'Priscilla Potts', '$2a$09$kPwvjzcS/i8YuDLqKOpVa.KE00LNvf3/V7ovdtB4uJqXeXyV8y.1e', 2, 0, 23),
	(81, 'Deirdre Burnett', '$2a$09$kPwvjzcS/i8YuDLqKOpVa.KE00LNvf3/V7ovdtB4uJqXeXyV8y.1e', 2, 0, 5),
	(82, 'Dakota Wilkinson', '$2a$09$kPwvjzcS/i8YuDLqKOpVa.KE00LNvf3/V7ovdtB4uJqXeXyV8y.1e', 2, 0, 11),
	(83, 'Simon Walton', '$2a$09$kPwvjzcS/i8YuDLqKOpVa.KE00LNvf3/V7ovdtB4uJqXeXyV8y.1e', 2, 0, 27),
	(84, 'Ora Henderson', '$2a$09$kPwvjzcS/i8YuDLqKOpVa.KE00LNvf3/V7ovdtB4uJqXeXyV8y.1e', 2, 0, 12),
	(85, 'August Nolan', '$2a$09$kPwvjzcS/i8YuDLqKOpVa.KE00LNvf3/V7ovdtB4uJqXeXyV8y.1e', 2, 0, 5),
	(86, 'Quincy Cervantes', '$2a$09$kPwvjzcS/i8YuDLqKOpVa.KE00LNvf3/V7ovdtB4uJqXeXyV8y.1e', 2, 0, 9),
	(87, 'Rudyard Wells', '$2a$09$kPwvjzcS/i8YuDLqKOpVa.KE00LNvf3/V7ovdtB4uJqXeXyV8y.1e', 2, 0, 18),
	(88, 'Kyle Rosario', '$2a$09$kPwvjzcS/i8YuDLqKOpVa.KE00LNvf3/V7ovdtB4uJqXeXyV8y.1e', 2, 0, 19),
	(89, 'Liberty Best', '$2a$09$kPwvjzcS/i8YuDLqKOpVa.KE00LNvf3/V7ovdtB4uJqXeXyV8y.1e', 2, 0, 3),
	(90, 'Noelani Travis', '$2a$09$kPwvjzcS/i8YuDLqKOpVa.KE00LNvf3/V7ovdtB4uJqXeXyV8y.1e', 2, 0, 21),
	(91, 'Genevieve Knight', '$2a$09$kPwvjzcS/i8YuDLqKOpVa.KE00LNvf3/V7ovdtB4uJqXeXyV8y.1e', 3, 0, 23),
	(92, 'Hayfa Mueller', '$2a$09$kPwvjzcS/i8YuDLqKOpVa.KE00LNvf3/V7ovdtB4uJqXeXyV8y.1e', 2, 0, 28),
	(93, 'Holmes York', '$2a$09$kPwvjzcS/i8YuDLqKOpVa.KE00LNvf3/V7ovdtB4uJqXeXyV8y.1e', 2, 0, 1),
	(94, 'Uriel Richards', '$2a$09$kPwvjzcS/i8YuDLqKOpVa.KE00LNvf3/V7ovdtB4uJqXeXyV8y.1e', 2, 0, 17),
	(95, 'Dahlia Grant', '$2a$09$kPwvjzcS/i8YuDLqKOpVa.KE00LNvf3/V7ovdtB4uJqXeXyV8y.1e', 2, 0, 6),
	(96, 'Tiger Brennan', '$2a$09$kPwvjzcS/i8YuDLqKOpVa.KE00LNvf3/V7ovdtB4uJqXeXyV8y.1e', 2, 0, 14),
	(97, 'Alma Mcgowan', '$2a$09$kPwvjzcS/i8YuDLqKOpVa.KE00LNvf3/V7ovdtB4uJqXeXyV8y.1e', 2, 0, 5),
	(98, 'Eleanor Davis', '$2a$09$kPwvjzcS/i8YuDLqKOpVa.KE00LNvf3/V7ovdtB4uJqXeXyV8y.1e', 2, 0, 15),
	(99, 'Germaine Snow', '$2a$09$kPwvjzcS/i8YuDLqKOpVa.KE00LNvf3/V7ovdtB4uJqXeXyV8y.1e', 2, 0, 22),
	(100, 'Byron Garrett', '$2a$09$kPwvjzcS/i8YuDLqKOpVa.KE00LNvf3/V7ovdtB4uJqXeXyV8y.1e', 2, 0, 22),
	(101, 'Galvin Buchanan', '$2a$09$kPwvjzcS/i8YuDLqKOpVa.KE00LNvf3/V7ovdtB4uJqXeXyV8y.1e', 2, 0, 4),
	(102, 'Jack Henderson', '$2a$09$kPwvjzcS/i8YuDLqKOpVa.KE00LNvf3/V7ovdtB4uJqXeXyV8y.1e', 2, 0, 5),
	(103, 'Janna Dominguez', '$2a$09$kPwvjzcS/i8YuDLqKOpVa.KE00LNvf3/V7ovdtB4uJqXeXyV8y.1e', 2, 0, 23),
	(104, 'Tatiana Harrington', '$2a$09$kPwvjzcS/i8YuDLqKOpVa.KE00LNvf3/V7ovdtB4uJqXeXyV8y.1e', 2, 0, 9),
	(105, 'Marcia Wise', '$2a$09$kPwvjzcS/i8YuDLqKOpVa.KE00LNvf3/V7ovdtB4uJqXeXyV8y.1e', 2, 0, 14),
	(106, 'Skyler Lucas', '$2a$09$kPwvjzcS/i8YuDLqKOpVa.KE00LNvf3/V7ovdtB4uJqXeXyV8y.1e', 2, 0, 24),
	(107, 'Daniel Rivers', '$2a$09$kPwvjzcS/i8YuDLqKOpVa.KE00LNvf3/V7ovdtB4uJqXeXyV8y.1e', 2, 0, 20),
	(108, 'Mason Ellis', '$2a$09$kPwvjzcS/i8YuDLqKOpVa.KE00LNvf3/V7ovdtB4uJqXeXyV8y.1e', 2, 0, 21),
	(109, 'Kellie Trujillo', '$2a$09$kPwvjzcS/i8YuDLqKOpVa.KE00LNvf3/V7ovdtB4uJqXeXyV8y.1e', 2, 0, 8),
	(110, 'Edward Freeman', '$2a$09$kPwvjzcS/i8YuDLqKOpVa.KE00LNvf3/V7ovdtB4uJqXeXyV8y.1e', 2, 0, 27),
	(111, 'Cullen Newman', '$2a$09$kPwvjzcS/i8YuDLqKOpVa.KE00LNvf3/V7ovdtB4uJqXeXyV8y.1e', 2, 0, 23),
	(112, 'Jolene Hines', '$2a$09$kPwvjzcS/i8YuDLqKOpVa.KE00LNvf3/V7ovdtB4uJqXeXyV8y.1e', 2, 0, 2),
	(113, 'Carter Todd', '$2a$09$kPwvjzcS/i8YuDLqKOpVa.KE00LNvf3/V7ovdtB4uJqXeXyV8y.1e', 2, 0, 21),
	(114, 'Marsden Bailey', '$2a$09$kPwvjzcS/i8YuDLqKOpVa.KE00LNvf3/V7ovdtB4uJqXeXyV8y.1e', 2, 0, 4),
	(115, 'Silas Diaz', '$2a$09$kPwvjzcS/i8YuDLqKOpVa.KE00LNvf3/V7ovdtB4uJqXeXyV8y.1e', 2, 0, 26),
	(116, 'Octavius Logan', '$2a$09$kPwvjzcS/i8YuDLqKOpVa.KE00LNvf3/V7ovdtB4uJqXeXyV8y.1e', 2, 0, 2),
	(117, 'Sybill Finley', '$2a$09$kPwvjzcS/i8YuDLqKOpVa.KE00LNvf3/V7ovdtB4uJqXeXyV8y.1e', 2, 0, 3),
	(118, 'Thor Griffith', '$2a$09$kPwvjzcS/i8YuDLqKOpVa.KE00LNvf3/V7ovdtB4uJqXeXyV8y.1e', 2, 0, 4),
	(119, 'Ella Sims', '$2a$09$kPwvjzcS/i8YuDLqKOpVa.KE00LNvf3/V7ovdtB4uJqXeXyV8y.1e', 2, 0, 17),
	(120, 'Yen Payne', '$2a$09$kPwvjzcS/i8YuDLqKOpVa.KE00LNvf3/V7ovdtB4uJqXeXyV8y.1e', 2, 0, 8),
	(121, 'Aspen Warner', '$2a$09$kPwvjzcS/i8YuDLqKOpVa.KE00LNvf3/V7ovdtB4uJqXeXyV8y.1e', 2, 0, 18),
	(122, 'Justin Duran', '$2a$09$kPwvjzcS/i8YuDLqKOpVa.KE00LNvf3/V7ovdtB4uJqXeXyV8y.1e', 2, 0, 16),
	(123, 'Theodore Gonzalez', '$2a$09$kPwvjzcS/i8YuDLqKOpVa.KE00LNvf3/V7ovdtB4uJqXeXyV8y.1e', 2, 0, 26),
	(124, 'Norman Collier', '$2a$09$kPwvjzcS/i8YuDLqKOpVa.KE00LNvf3/V7ovdtB4uJqXeXyV8y.1e', 2, 0, 8),
	(125, 'Thor Stewart', '$2a$09$kPwvjzcS/i8YuDLqKOpVa.KE00LNvf3/V7ovdtB4uJqXeXyV8y.1e', 2, 0, 24),
	(126, 'Xena Potts', '$2a$09$kPwvjzcS/i8YuDLqKOpVa.KE00LNvf3/V7ovdtB4uJqXeXyV8y.1e', 2, 0, 19),
	(127, 'Jillian Christensen', '$2a$09$kPwvjzcS/i8YuDLqKOpVa.KE00LNvf3/V7ovdtB4uJqXeXyV8y.1e', 3, 0, 18),
	(128, 'Lesley Ortega', '$2a$09$kPwvjzcS/i8YuDLqKOpVa.KE00LNvf3/V7ovdtB4uJqXeXyV8y.1e', 2, 0, 17),
	(129, 'Holmes Scott', '$2a$09$kPwvjzcS/i8YuDLqKOpVa.KE00LNvf3/V7ovdtB4uJqXeXyV8y.1e', 3, 0, 12),
	(130, 'Lucian Park', '$2a$09$kPwvjzcS/i8YuDLqKOpVa.KE00LNvf3/V7ovdtB4uJqXeXyV8y.1e', 2, 0, 20),
	(131, 'Gillian Bowman', '$2a$09$kPwvjzcS/i8YuDLqKOpVa.KE00LNvf3/V7ovdtB4uJqXeXyV8y.1e', 2, 0, 24),
	(132, 'Rooney Shannon', '$2a$09$kPwvjzcS/i8YuDLqKOpVa.KE00LNvf3/V7ovdtB4uJqXeXyV8y.1e', 2, 0, 26),
	(133, 'Gage Contreras', '$2a$09$kPwvjzcS/i8YuDLqKOpVa.KE00LNvf3/V7ovdtB4uJqXeXyV8y.1e', 2, 0, 1),
	(134, 'Wynter Stone', '$2a$09$kPwvjzcS/i8YuDLqKOpVa.KE00LNvf3/V7ovdtB4uJqXeXyV8y.1e', 2, 0, 10),
	(135, 'Marvin Graham', '$2a$09$kPwvjzcS/i8YuDLqKOpVa.KE00LNvf3/V7ovdtB4uJqXeXyV8y.1e', 2, 0, 16),
	(136, 'Lavinia Lamb', '$2a$09$kPwvjzcS/i8YuDLqKOpVa.KE00LNvf3/V7ovdtB4uJqXeXyV8y.1e', 2, 0, 12),
	(137, 'Scarlett Wilcox', '$2a$09$kPwvjzcS/i8YuDLqKOpVa.KE00LNvf3/V7ovdtB4uJqXeXyV8y.1e', 2, 0, 13),
	(138, 'Georgia Mcknight', '$2a$09$kPwvjzcS/i8YuDLqKOpVa.KE00LNvf3/V7ovdtB4uJqXeXyV8y.1e', 2, 0, 22),
	(139, 'Dahlia Nielsen', '$2a$09$kPwvjzcS/i8YuDLqKOpVa.KE00LNvf3/V7ovdtB4uJqXeXyV8y.1e', 2, 0, 6),
	(140, 'Alec Pittman', '$2a$09$kPwvjzcS/i8YuDLqKOpVa.KE00LNvf3/V7ovdtB4uJqXeXyV8y.1e', 2, 0, 4),
	(141, 'Jolene Pollard', '$2a$09$kPwvjzcS/i8YuDLqKOpVa.KE00LNvf3/V7ovdtB4uJqXeXyV8y.1e', 2, 0, 6),
	(142, 'Jade Hickman', '$2a$09$kPwvjzcS/i8YuDLqKOpVa.KE00LNvf3/V7ovdtB4uJqXeXyV8y.1e', 2, 0, 10),
	(143, 'Zane Porter', '$2a$09$kPwvjzcS/i8YuDLqKOpVa.KE00LNvf3/V7ovdtB4uJqXeXyV8y.1e', 2, 0, 14),
	(144, 'Lawrence Flynn', '$2a$09$kPwvjzcS/i8YuDLqKOpVa.KE00LNvf3/V7ovdtB4uJqXeXyV8y.1e', 2, 0, 8),
	(145, 'Herrod Alvarez', '$2a$09$kPwvjzcS/i8YuDLqKOpVa.KE00LNvf3/V7ovdtB4uJqXeXyV8y.1e', 2, 0, 8),
	(146, 'Amena Patton', '$2a$09$kPwvjzcS/i8YuDLqKOpVa.KE00LNvf3/V7ovdtB4uJqXeXyV8y.1e', 2, 0, 19),
	(147, 'Duncan Richard', '$2a$09$kPwvjzcS/i8YuDLqKOpVa.KE00LNvf3/V7ovdtB4uJqXeXyV8y.1e', 3, 0, 11),
	(148, 'Phelan Paul', '$2a$09$kPwvjzcS/i8YuDLqKOpVa.KE00LNvf3/V7ovdtB4uJqXeXyV8y.1e', 2, 0, 3),
	(149, 'William Golden', '$2a$09$kPwvjzcS/i8YuDLqKOpVa.KE00LNvf3/V7ovdtB4uJqXeXyV8y.1e', 2, 0, 7),
	(150, 'Yuri Kent', '$2a$09$kPwvjzcS/i8YuDLqKOpVa.KE00LNvf3/V7ovdtB4uJqXeXyV8y.1e', 2, 0, 18),
	(151, 'Sara Todd', '$2a$09$kPwvjzcS/i8YuDLqKOpVa.KE00LNvf3/V7ovdtB4uJqXeXyV8y.1e', 2, 0, 26),
	(152, 'Patience Lang', '$2a$09$kPwvjzcS/i8YuDLqKOpVa.KE00LNvf3/V7ovdtB4uJqXeXyV8y.1e', 2, 0, 17),
	(153, 'Fay Castillo', '$2a$09$kPwvjzcS/i8YuDLqKOpVa.KE00LNvf3/V7ovdtB4uJqXeXyV8y.1e', 2, 0, 5),
	(154, 'Russell Zamora', '$2a$09$kPwvjzcS/i8YuDLqKOpVa.KE00LNvf3/V7ovdtB4uJqXeXyV8y.1e', 2, 0, 10),
	(155, 'Sonya Vargas', '$2a$09$kPwvjzcS/i8YuDLqKOpVa.KE00LNvf3/V7ovdtB4uJqXeXyV8y.1e', 2, 0, 28),
	(156, 'Kasimir Rich', '$2a$09$kPwvjzcS/i8YuDLqKOpVa.KE00LNvf3/V7ovdtB4uJqXeXyV8y.1e', 3, 0, 25),
	(157, 'Felicia Hunt', '$2a$09$kPwvjzcS/i8YuDLqKOpVa.KE00LNvf3/V7ovdtB4uJqXeXyV8y.1e', 2, 0, 27),
	(158, 'Jesse Kirkland', '$2a$09$kPwvjzcS/i8YuDLqKOpVa.KE00LNvf3/V7ovdtB4uJqXeXyV8y.1e', 2, 0, 22),
	(159, 'Todd Dyer', '$2a$09$kPwvjzcS/i8YuDLqKOpVa.KE00LNvf3/V7ovdtB4uJqXeXyV8y.1e', 2, 0, 24),
	(160, 'Leilani Whitley', '$2a$09$kPwvjzcS/i8YuDLqKOpVa.KE00LNvf3/V7ovdtB4uJqXeXyV8y.1e', 3, 0, 26),
	(161, 'Keaton Allison', '$2a$09$kPwvjzcS/i8YuDLqKOpVa.KE00LNvf3/V7ovdtB4uJqXeXyV8y.1e', 3, 0, 2),
	(162, 'Ashton Chaney', '$2a$09$kPwvjzcS/i8YuDLqKOpVa.KE00LNvf3/V7ovdtB4uJqXeXyV8y.1e', 2, 0, 6),
	(163, 'Jorden Christian', '$2a$09$kPwvjzcS/i8YuDLqKOpVa.KE00LNvf3/V7ovdtB4uJqXeXyV8y.1e', 3, 0, 28),
	(164, 'Brody Rowland', '$2a$09$kPwvjzcS/i8YuDLqKOpVa.KE00LNvf3/V7ovdtB4uJqXeXyV8y.1e', 2, 0, 2),
	(165, 'Brendan Valencia', '$2a$09$kPwvjzcS/i8YuDLqKOpVa.KE00LNvf3/V7ovdtB4uJqXeXyV8y.1e', 2, 0, 3),
	(166, 'Evelyn Rhodes', '$2a$09$kPwvjzcS/i8YuDLqKOpVa.KE00LNvf3/V7ovdtB4uJqXeXyV8y.1e', 2, 0, 12),
	(167, 'Olivia Huff', '$2a$09$kPwvjzcS/i8YuDLqKOpVa.KE00LNvf3/V7ovdtB4uJqXeXyV8y.1e', 3, 0, 1),
	(168, 'Margaret Singleton', '$2a$09$kPwvjzcS/i8YuDLqKOpVa.KE00LNvf3/V7ovdtB4uJqXeXyV8y.1e', 2, 0, 23),
	(169, 'Madeson Salazar', '$2a$09$kPwvjzcS/i8YuDLqKOpVa.KE00LNvf3/V7ovdtB4uJqXeXyV8y.1e', 2, 0, 4),
	(170, 'Jack Burke', '$2a$09$kPwvjzcS/i8YuDLqKOpVa.KE00LNvf3/V7ovdtB4uJqXeXyV8y.1e', 2, 0, 20),
	(171, 'Sybill Acosta', '$2a$09$kPwvjzcS/i8YuDLqKOpVa.KE00LNvf3/V7ovdtB4uJqXeXyV8y.1e', 2, 0, 8),
	(172, 'Emerald Duncan', '$2a$09$kPwvjzcS/i8YuDLqKOpVa.KE00LNvf3/V7ovdtB4uJqXeXyV8y.1e', 2, 0, 12),
	(173, 'Bevis Tucker', '$2a$09$kPwvjzcS/i8YuDLqKOpVa.KE00LNvf3/V7ovdtB4uJqXeXyV8y.1e', 2, 0, 27),
	(174, 'Hamish Simon', '$2a$09$kPwvjzcS/i8YuDLqKOpVa.KE00LNvf3/V7ovdtB4uJqXeXyV8y.1e', 2, 0, 13),
	(175, 'Shelley Langley', '$2a$09$kPwvjzcS/i8YuDLqKOpVa.KE00LNvf3/V7ovdtB4uJqXeXyV8y.1e', 2, 0, 10),
	(176, 'Kaitlin Burch', '$2a$09$kPwvjzcS/i8YuDLqKOpVa.KE00LNvf3/V7ovdtB4uJqXeXyV8y.1e', 2, 0, 5),
	(177, 'Deirdre Morrow', '$2a$09$kPwvjzcS/i8YuDLqKOpVa.KE00LNvf3/V7ovdtB4uJqXeXyV8y.1e', 2, 0, 6),
	(178, 'Sigourney Stokes', '$2a$09$kPwvjzcS/i8YuDLqKOpVa.KE00LNvf3/V7ovdtB4uJqXeXyV8y.1e', 2, 0, 13),
	(179, 'Nolan Randolph', '$2a$09$kPwvjzcS/i8YuDLqKOpVa.KE00LNvf3/V7ovdtB4uJqXeXyV8y.1e', 2, 0, 7),
	(180, 'Whitney Leblanc', '$2a$09$kPwvjzcS/i8YuDLqKOpVa.KE00LNvf3/V7ovdtB4uJqXeXyV8y.1e', 2, 0, 24),
	(181, 'Ella Bentley', '$2a$09$kPwvjzcS/i8YuDLqKOpVa.KE00LNvf3/V7ovdtB4uJqXeXyV8y.1e', 2, 0, 10),
	(182, 'Jerome Stark', '$2a$09$kPwvjzcS/i8YuDLqKOpVa.KE00LNvf3/V7ovdtB4uJqXeXyV8y.1e', 3, 0, 20),
	(183, 'Susan Campos', '$2a$09$kPwvjzcS/i8YuDLqKOpVa.KE00LNvf3/V7ovdtB4uJqXeXyV8y.1e', 2, 0, 6),
	(184, 'Ryder Padilla', '$2a$09$kPwvjzcS/i8YuDLqKOpVa.KE00LNvf3/V7ovdtB4uJqXeXyV8y.1e', 2, 0, 21),
	(185, 'Alice Avery', '$2a$09$kPwvjzcS/i8YuDLqKOpVa.KE00LNvf3/V7ovdtB4uJqXeXyV8y.1e', 2, 0, 25),
	(186, 'Olympia Howe', '$2a$09$kPwvjzcS/i8YuDLqKOpVa.KE00LNvf3/V7ovdtB4uJqXeXyV8y.1e', 2, 0, 22),
	(187, 'Ferdinand Franklin', '$2a$09$kPwvjzcS/i8YuDLqKOpVa.KE00LNvf3/V7ovdtB4uJqXeXyV8y.1e', 2, 0, 26),
	(188, 'Bernard Bender', '$2a$09$kPwvjzcS/i8YuDLqKOpVa.KE00LNvf3/V7ovdtB4uJqXeXyV8y.1e', 2, 0, 21),
	(189, 'Roth Wade', '$2a$09$kPwvjzcS/i8YuDLqKOpVa.KE00LNvf3/V7ovdtB4uJqXeXyV8y.1e', 2, 0, 8),
	(190, 'Laith Hyde', '$2a$09$kPwvjzcS/i8YuDLqKOpVa.KE00LNvf3/V7ovdtB4uJqXeXyV8y.1e', 2, 0, 12),
	(191, 'Ira Bradshaw', '$2a$09$kPwvjzcS/i8YuDLqKOpVa.KE00LNvf3/V7ovdtB4uJqXeXyV8y.1e', 2, 0, 6),
	(192, 'Abraham Ballard', '$2a$09$kPwvjzcS/i8YuDLqKOpVa.KE00LNvf3/V7ovdtB4uJqXeXyV8y.1e', 2, 0, 25),
	(193, 'Xerxes Willis', '$2a$09$kPwvjzcS/i8YuDLqKOpVa.KE00LNvf3/V7ovdtB4uJqXeXyV8y.1e', 2, 0, 6),
	(194, 'Noble Buckner', '$2a$09$kPwvjzcS/i8YuDLqKOpVa.KE00LNvf3/V7ovdtB4uJqXeXyV8y.1e', 2, 0, 22),
	(195, 'Levi Castro', '$2a$09$kPwvjzcS/i8YuDLqKOpVa.KE00LNvf3/V7ovdtB4uJqXeXyV8y.1e', 3, 0, 19),
	(196, 'Louis Delgado', '$2a$09$kPwvjzcS/i8YuDLqKOpVa.KE00LNvf3/V7ovdtB4uJqXeXyV8y.1e', 2, 0, 2),
	(197, 'Nola Beasley', '$2a$09$kPwvjzcS/i8YuDLqKOpVa.KE00LNvf3/V7ovdtB4uJqXeXyV8y.1e', 2, 0, 19),
	(198, 'Kylynn Curry', '$2a$09$kPwvjzcS/i8YuDLqKOpVa.KE00LNvf3/V7ovdtB4uJqXeXyV8y.1e', 2, 0, 15),
	(199, 'Mona Fry', '$2a$09$kPwvjzcS/i8YuDLqKOpVa.KE00LNvf3/V7ovdtB4uJqXeXyV8y.1e', 2, 0, 6),
	(200, 'Hammett Price', '$2a$09$kPwvjzcS/i8YuDLqKOpVa.KE00LNvf3/V7ovdtB4uJqXeXyV8y.1e', 2, 0, 24),
	(201, 'Quon Norman', '$2a$09$kPwvjzcS/i8YuDLqKOpVa.KE00LNvf3/V7ovdtB4uJqXeXyV8y.1e', 2, 0, 23),
	(202, 'Gannon Ferrell', '$2a$09$kPwvjzcS/i8YuDLqKOpVa.KE00LNvf3/V7ovdtB4uJqXeXyV8y.1e', 2, 0, 26),
	(203, 'Shelly Leblanc', '$2a$09$kPwvjzcS/i8YuDLqKOpVa.KE00LNvf3/V7ovdtB4uJqXeXyV8y.1e', 3, 0, 27),
	(204, 'Michael Decker', '$2a$09$kPwvjzcS/i8YuDLqKOpVa.KE00LNvf3/V7ovdtB4uJqXeXyV8y.1e', 2, 0, 26),
	(205, 'Buckminster Delaney', '$2a$09$kPwvjzcS/i8YuDLqKOpVa.KE00LNvf3/V7ovdtB4uJqXeXyV8y.1e', 2, 0, 6),
	(206, 'Francesca Short', '$2a$09$kPwvjzcS/i8YuDLqKOpVa.KE00LNvf3/V7ovdtB4uJqXeXyV8y.1e', 2, 0, 25),
	(207, 'Carson Savage', '$2a$09$kPwvjzcS/i8YuDLqKOpVa.KE00LNvf3/V7ovdtB4uJqXeXyV8y.1e', 2, 0, 19);
/*!40000 ALTER TABLE `users` ENABLE KEYS */;

/*!40101 SET SQL_MODE=IFNULL(@OLD_SQL_MODE, '') */;
/*!40014 SET FOREIGN_KEY_CHECKS=IFNULL(@OLD_FOREIGN_KEY_CHECKS, 1) */;
/*!40101 SET CHARACTER_SET_CLIENT=@OLD_CHARACTER_SET_CLIENT */;
/*!40111 SET SQL_NOTES=IFNULL(@OLD_SQL_NOTES, 1) */;
